{"cameraMode":{"drawMode":0,"name":"Shaded","section":"Shading Mode"},"sceneLighting":false,"audioPlay":false,"sceneViewState":{"m_AlwaysRefresh":false,"showFog":true,"showSkybox":false,"showFlares":true,"showImageEffects":true,"showParticleSystems":true,"showVisualEffectGraphs":true,"m_FxEnabled":true},"in2DMode":false,"pivot":{"x":2.8969485759735109,"y":27.91160011291504,"z":-0.22307609021663667},"rotation":{"x":0.24882934987545014,"y":0.6537597179412842,"z":-0.24393273890018464,"w":0.6721401810646057},"size":2.309302568435669,"orthographic":false}