{"cameraMode":{"drawMode":0,"name":"Shaded","section":"Shading Mode"},"sceneLighting":false,"audioPlay":false,"sceneViewState":{"m_AlwaysRefresh":false,"showFog":true,"showSkybox":false,"showFlares":true,"showImageEffects":true,"showParticleSystems":true,"showVisualEffectGraphs":true,"m_FxEnabled":true},"in2DMode":false,"pivot":{"x":7.6384172439575199,"y":-24397.763671875,"z":77.58849334716797},"rotation":{"x":-0.13493256270885468,"y":0.00301762274466455,"z":0.0005942294374108315,"w":-0.9911105632781982},"size":1.2811342477798463,"orthographic":false}