{"cameraMode":{"drawMode":0,"name":"Shaded","section":"Shading Mode"},"sceneLighting":true,"audioPlay":false,"sceneViewState":{"m_AlwaysRefresh":false,"showFog":true,"showSkybox":true,"showFlares":true,"showImageEffects":true,"showParticleSystems":true,"showVisualEffectGraphs":true,"m_FxEnabled":true},"in2DMode":false,"pivot":{"x":6.243810653686523,"y":-2.102120876312256,"z":23.192508697509767},"rotation":{"x":0.29535192251205447,"y":0.44741588830947878,"z":-0.15951327979564668,"w":0.8289812803268433},"size":6.8484649658203129,"orthographic":false}